{
    "replication": true,
    "autoDeploy": true,
    "hotAlignment": true,
    "resyncEvery": 15,
    "clusters": {
        "internal": {
            "replication": false
        },
        "index": {
            "replication": false
        },
        "ODistributedConflict": {
            "replication": false
        },
        "*": {
            "replication": true,
            "readQuorum": 1,
            "writeQuorum": 2,
            "failureAvailableNodesLessQuorum": false,
            "readYourWrites": true,
            "partitioning": {
                "strategy": "round-robin",
                "default": 0,
                "partitions": [
                    [ "<NEW_NODE>" ]
                ]
            }
        }
    }
}